server	ncores	nthreads	filesize	total_connections	total_requests	total_replies	total_test_duration	connection_rate_per_sec	connection_time_avg	connection_time_max	reply_time_response	reply_time_transfer	reply_size_header	reply_size_content	reply_size_footer	reply_size_total	reply_status_1xx	reply_status_2xx	reply_status_3xx	reply_status_4xx	reply_status_5xx	cpu_time_user_sec	cpu_time_system_sec	cpu_time_user_pct	cpu_time_system_pct	cpu_time_total_pct	net_io_kb_sec	net_io_bps	errors_total	errors_client_timeout	errors_socket_timeout	errors_conn_refused	errors_conn_reset	errors_fd_unavail	errors_addr_unavail	errors_ftab_full	errors_other
msq-server-signal	8	64	281b	30000	30000	30000	14.999	2000.2	0.5	4.9	0.2	0.0	19.0	281.0	0.0	300.0	0	30000	0	0	0	9.42	5.55	62.8	37.0	99.8	720.8	5.9*10^6	0	0	0	0	0	0	0	0	0
msq-server-signal	8	64	281b	45000	44999	44993	14.999	3000.2	0.5	5.8	0.2	0.0	19.0	281.0	0.0	300.0	0	44993	0	0	0	8.96	6.00	59.7	40.0	99.7	1081.0	8.9*10^6	7	7	0	0	0	0	0	0	0
msq-server-signal	8	64	281b	60000	59996	59990	15.006	3998.3	0.5	8.3	0.2	0.0	19.0	281.0	0.0	300.0	0	59990	0	0	0	8.68	6.29	57.8	41.9	99.8	1440.6	11.8*10^6	10	10	0	0	0	0	0	0	0
msq-server-signal	8	64	281b	75000	74988	74956	15.003	4999.1	0.5	12.2	0.2	0.0	19.0	281.0	0.0	300.0	0	74956	0	0	0	7.92	7.03	52.8	46.9	99.7	1800.5	14.7*10^6	44	44	0	0	0	0	0	0	0
lcrq-server-broadcast	8	16	281b	30000	29675	29280	15.001	1999.9	8.1	99.8	4.2	0.0	19.0	281.0	0.0	300.0	0	29280	0	0	0	8.94	6.01	59.6	40.1	99.7	705.2	5.8*10^6	720	720	0	0	0	0	0	0	0
lcrq-server-broadcast	8	16	281b	45000	43980	41666	15.015	2997.1	13.1	109.7	7.0	0.1	19.0	281.0	0.0	300.0	0	41666	0	0	0	7.94	7.03	52.9	46.8	99.7	1010.4	8.3*10^6	3334	3334	0	0	0	0	0	0	0
lcrq-server-broadcast	8	16	281b	60000	59780	59606	15.009	3997.7	1.8	77.9	0.9	0.0	19.0	281.0	0.0	300.0	0	59606	0	0	0	8.36	6.60	55.7	44.0	99.7	1431.9	11.7*10^6	394	394	0	0	0	0	0	0	0
lcrq-server-broadcast	8	16	281b	75000	74910	74834	15.005	4998.4	0.7	17.6	0.3	0.0	19.0	281.0	0.0	300.0	0	74834	0	0	0	7.74	7.22	51.6	48.1	99.7	1797.5	14.7*10^6	166	166	0	0	0	0	0	0	0
msq-server-broadcast	8	16	281b	30000	30000	30000	14.999	2000.2	0.5	2.2	0.2	0.0	19.0	281.0	0.0	300.0	0	30000	0	0	0	9.54	5.42	63.6	36.2	99.8	720.8	5.9*10^6	0	0	0	0	0	0	0	0	0
msq-server-broadcast	8	16	281b	45000	44968	44966	14.999	3000.2	0.5	13.9	0.3	0.0	19.0	281.0	0.0	300.0	0	44966	0	0	0	8.89	6.07	59.3	40.5	99.7	1080.3	8.9*10^6	34	34	0	0	0	0	0	0	0
msq-server-broadcast	8	16	281b	60000	59986	59958	15.006	3998.3	0.7	8.9	0.3	0.0	19.0	281.0	0.0	300.0	0	59958	0	0	0	8.76	6.20	58.4	41.3	99.7	1439.9	11.8*10^6	42	42	0	0	0	0	0	0	0
msq-server-broadcast	8	16	281b	75000	74886	74718	15.003	4999.1	1.3	14.4	0.6	0.0	19.0	281.0	0.0	300.0	0	74718	0	0	0	7.61	7.35	50.7	49.0	99.7	1795.4	14.7*10^6	282	282	0	0	0	0	0	0	0
msq-server-broadcast	8	16	281b	90000	89581	89176	14.999	6000.3	3.2	88.5	1.6	0.1	19.0	281.0	0.0	300.0	0	89176	0	0	0	6.89	8.07	45.9	53.8	99.7	2144.3	17.6*10^6	824	824	0	0	0	0	0	0	0
msq-server-broadcast	8	16	281b	30000	29961	29892	15.005	1999.3	8.4	100.7	4.1	0.0	19.0	281.0	0.0	300.0	0	29892	0	0	0	8.61	6.36	57.4	42.4	99.8	718.2	5.9*10^6	108	108	0	0	0	0	0	0	0
msq-server-broadcast	8	16	281b	45000	42235	36064	15.117	2976.7	24.4	109.4	12.9	0.1	19.0	281.0	0.0	300.0	0	36064	0	0	0	6.84	8.24	45.3	54.5	99.8	887.2	7.3*10^6	8936	8936	0	0	0	0	0	0	0
msq-server-broadcast	8	16	281b	60000	59932	59787	15.076	3979.8	1.4	13.1	0.7	0.0	19.0	281.0	0.0	300.0	0	59787	0	0	0	8.22	6.82	54.5	45.2	99.7	1429.7	11.7*10^6	213	213	0	0	0	0	0	0	0
msq-server-broadcast	8	16	281b	75000	74149	72925	15.013	4995.8	4.4	106.0	2.4	0.1	19.0	281.0	0.0	300.0	0	72925	0	0	0	7.35	7.61	49.0	50.7	99.7	1755.9	14.4*10^6	2075	2075	0	0	0	0	0	0	0
msq-server-broadcast	8	64	281b	30000	29988	29960	14.999	2000.2	0.7	15.9	0.3	0.0	19.0	281.0	0.0	300.0	0	29960	0	0	0	9.46	5.50	63.1	36.7	99.8	719.9	5.9*10^6	40	40	0	0	0	0	0	0	0
msq-server-broadcast	8	64	281b	45000	44996	44971	14.999	3000.2	0.7	6.0	0.3	0.0	19.0	281.0	0.0	300.0	0	44971	0	0	0	8.88	6.07	59.2	40.5	99.7	1080.5	8.9*10^6	29	29	0	0	0	0	0	0	0
msq-server-broadcast	8	64	281b	60000	59849	59794	15.006	3998.3	0.8	27.4	0.4	0.0	19.0	281.0	0.0	300.0	0	59794	0	0	0	8.49	6.48	56.6	43.2	99.7	1436.1	11.8*10^6	206	206	0	0	0	0	0	0	0
msq-server-broadcast	8	64	281b	75000	74900	74848	15.003	4999.0	0.5	22.1	0.3	0.0	19.0	281.0	0.0	300.0	0	74848	0	0	0	7.73	7.23	51.5	48.2	99.7	1798.0	14.7*10^6	152	152	0	0	0	0	0	0	0
lcrq-server-signal	8	64	281b	30000	30000	30000	14.999	2000.1	0.5	4.9	0.2	0.0	19.0	281.0	0.0	300.0	0	30000	0	0	0	9.36	5.61	62.4	37.4	99.8	720.7	5.9*10^6	0	0	0	0	0	0	0	0	0
lcrq-server-signal	8	64	281b	45000	44996	44986	14.999	3000.2	0.5	6.1	0.3	0.0	19.0	281.0	0.0	300.0	0	44986	0	0	0	8.91	6.05	59.4	40.3	99.7	1080.8	8.9*10^6	14	14	0	0	0	0	0	0	0
lcrq-server-signal	8	64	281b	60000	59994	59980	15.006	3998.3	0.5	8.1	0.3	0.0	19.0	281.0	0.0	300.0	0	59980	0	0	0	8.44	6.52	56.3	43.5	99.7	1440.4	11.8*10^6	20	20	0	0	0	0	0	0	0
lcrq-server-signal	8	64	281b	75000	74973	74916	15.003	4999.1	0.6	13.0	0.3	0.0	19.0	281.0	0.0	300.0	0	74916	0	0	0	7.88	7.08	52.5	47.2	99.7	1799.7	14.7*10^6	84	84	0	0	0	0	0	0	0
lcrq-server-broadcast	8	4	281b	30000	30000	30000	14.999	2000.2	0.5	4.3	0.2	0.0	19.0	281.0	0.0	300.0	0	30000	0	0	0	9.57	5.38	63.8	35.9	99.7	720.8	5.9*10^6	0	0	0	0	0	0	0	0	0
lcrq-server-broadcast	8	4	281b	45000	45000	44997	14.999	3000.2	0.4	5.8	0.2	0.0	19.0	281.0	0.0	300.0	0	44997	0	0	0	9.14	5.82	60.9	38.8	99.8	1081.1	8.9*10^6	3	3	0	0	0	0	0	0	0
lcrq-server-broadcast	8	4	281b	60000	60000	60000	15.006	3998.3	0.5	9.2	0.2	0.0	19.0	281.0	0.0	300.0	0	60000	0	0	0	8.70	6.27	58.0	41.8	99.7	1440.8	11.8*10^6	0	0	0	0	0	0	0	0	0
lcrq-server-broadcast	8	4	281b	75000	74959	74917	15.003	4999.1	0.5	12.5	0.2	0.0	19.0	281.0	0.0	300.0	0	74917	0	0	0	7.93	7.03	52.9	46.8	99.7	1799.6	14.7*10^6	83	83	0	0	0	0	0	0	0
lcrq-server-broadcast	8	4	281b	90000	89894	89812	15.074	5970.7	0.6	8.2	0.3	0.0	19.0	281.0	0.0	300.0	0	89812	0	0	0	7.70	7.37	51.1	48.9	100.0	2147.4	17.6*10^6	188	188	0	0	0	0	0	0	0
lcrq-server-broadcast	8	4	281b	30000	29703	29166	15.001	1999.8	13.3	109.4	6.8	0.0	19.0	281.0	0.0	300.0	0	29166	0	0	0	8.41	6.55	56.0	43.7	99.7	703.0	5.8*10^6	834	834	0	0	0	0	0	0	0
lcrq-server-broadcast	8	4	281b	45000	44901	44775	15.001	2999.9	5.4	110.9	2.7	0.0	19.0	281.0	0.0	300.0	0	44775	0	0	0	8.42	6.54	56.1	43.6	99.7	1076.2	8.8*10^6	225	225	0	0	0	0	0	0	0
lcrq-server-broadcast	8	4	281b	60000	59779	59522	15.069	3981.7	3.5	79.6	1.7	0.0	19.0	281.0	0.0	300.0	0	59522	0	0	0	8.25	6.78	54.7	45.0	99.8	1424.5	11.7*10^6	478	478	0	0	0	0	0	0	0
lcrq-server-broadcast	8	4	281b	75000	74906	74795	15.003	4999.0	0.6	17.5	0.3	0.0	19.0	281.0	0.0	300.0	0	74795	0	0	0	8.17	6.79	54.5	45.3	99.7	1797.0	14.7*10^6	205	205	0	0	0	0	0	0	0
lcrq-server-broadcast	8	4	281b	90000	89853	89682	14.999	6000.3	0.6	10.3	0.3	0.0	19.0	281.0	0.0	300.0	0	89682	0	0	0	7.68	7.28	51.2	48.5	99.7	2155.4	17.7*10^6	318	318	0	0	0	0	0	0	0
lcrq-server-broadcast	8	4	281b	30000	29939	29856	15.000	1999.9	2.3	100.7	1.2	0.0	19.0	281.0	0.0	300.0	0	29856	0	0	0	9.13	5.84	60.8	38.9	99.8	717.6	5.9*10^6	144	144	0	0	0	0	0	0	0
lcrq-server-broadcast	8	4	281b	45000	44942	44873	15.000	3000.0	3.7	79.5	1.9	0.0	19.0	281.0	0.0	300.0	0	44873	0	0	0	8.48	6.48	56.5	43.2	99.7	1078.3	8.8*10^6	127	127	0	0	0	0	0	0	0
lcrq-server-broadcast	8	4	281b	60000	59633	59282	15.006	3998.3	6.3	108.3	3.2	0.0	19.0	281.0	0.0	300.0	0	59282	0	0	0	7.99	6.97	53.2	46.5	99.7	1425.1	11.7*10^6	718	718	0	0	0	0	0	0	0
lcrq-server-broadcast	8	4	281b	75000	74967	74929	15.003	4999.1	0.5	13.1	0.2	0.0	19.0	281.0	0.0	300.0	0	74929	0	0	0	7.88	7.08	52.5	47.2	99.7	1799.9	14.7*10^6	71	71	0	0	0	0	0	0	0
http-server-signal	8	64	281b	30000	30000	30000	14.999	2000.2	0.4	4.5	0.2	0.0	19.0	281.0	0.0	300.0	0	30000	0	0	0	9.49	5.47	63.3	36.5	99.8	720.8	5.9*10^6	0	0	0	0	0	0	0	0	0
http-server-signal	8	64	281b	45000	44995	44976	14.999	3000.2	0.5	12.2	0.2	0.0	19.0	281.0	0.0	300.0	0	44976	0	0	0	8.89	6.07	59.3	40.4	99.7	1080.6	8.9*10^6	24	24	0	0	0	0	0	0	0
http-server-signal	8	64	281b	60000	59985	59942	15.006	3998.3	0.5	15.9	0.2	0.0	19.0	281.0	0.0	300.0	0	59942	0	0	0	8.70	6.26	58.0	41.7	99.7	1439.6	11.8*10^6	58	58	0	0	0	0	0	0	0
http-server-signal	8	64	281b	75000	74968	74922	15.003	4999.1	0.5	12.1	0.3	0.0	19.0	281.0	0.0	300.0	0	74922	0	0	0	7.98	6.98	53.2	46.5	99.7	1799.8	14.7*10^6	78	78	0	0	0	0	0	0	0
lcrq-server-signal	8	16	281b	30000	29998	29997	15.001	1999.9	1.8	24.8	0.9	0.0	19.0	281.0	0.0	300.0	0	29997	0	0	0	9.30	5.66	62.0	37.7	99.8	720.6	5.9*10^6	3	3	0	0	0	0	0	0	0
lcrq-server-signal	8	16	281b	45000	44332	42862	15.003	2999.4	6.3	109.7	3.5	0.0	19.0	281.0	0.0	300.0	0	42862	0	0	0	8.20	6.76	54.6	45.1	99.7	1036.1	8.5*10^6	2138	2138	0	0	0	0	0	0	0
lcrq-server-signal	8	16	281b	60000	60000	60000	15.006	3998.3	0.5	2.5	0.2	0.0	19.0	281.0	0.0	300.0	0	60000	0	0	0	8.99	5.98	59.9	39.8	99.7	1440.8	11.8*10^6	0	0	0	0	0	0	0	0	0
lcrq-server-signal	8	16	281b	75000	74923	74820	15.003	4999.1	1.4	11.8	0.7	0.0	19.0	281.0	0.0	300.0	0	74820	0	0	0	7.76	7.20	51.7	48.0	99.7	1797.6	14.7*10^6	180	180	0	0	0	0	0	0	0
lcrq-server-signal	8	16	281b	90000	89604	89161	15.012	5995.2	4.2	94.4	2.2	0.1	19.0	281.0	0.0	300.0	0	89161	0	0	0	7.28	7.69	48.5	51.2	99.7	2142.2	17.5*10^6	839	839	0	0	0	0	0	0	0
lcrq-server-signal	8	16	281b	30000	29952	29872	15.001	1999.9	3.3	104.1	1.7	0.0	19.0	281.0	0.0	300.0	0	29872	0	0	0	9.02	5.93	60.2	39.6	99.7	717.9	5.9*10^6	128	128	0	0	0	0	0	0	0
lcrq-server-signal	8	16	281b	45000	44816	44563	15.001	2999.7	6.5	103.7	3.3	0.0	19.0	281.0	0.0	300.0	0	44563	0	0	0	8.19	6.77	54.6	45.1	99.7	1071.6	8.8*10^6	437	437	0	0	0	0	0	0	0
lcrq-server-signal	8	16	281b	60000	59961	59915	15.008	3997.9	2.4	73.9	1.2	0.0	19.0	281.0	0.0	300.0	0	59915	0	0	0	8.13	6.84	54.2	45.6	99.7	1438.8	11.8*10^6	85	85	0	0	0	0	0	0	0
lcrq-server-signal	8	16	281b	75000	74958	74868	15.007	4997.6	1.0	13.3	0.5	0.0	19.0	281.0	0.0	300.0	0	74868	0	0	0	8.09	6.87	53.9	45.8	99.7	1798.1	14.7*10^6	132	132	0	0	0	0	0	0	0
msq-server-broadcast	8	4	281b	30000	30000	30000	14.999	2000.2	0.5	8.3	0.2	0.0	19.0	281.0	0.0	300.0	0	30000	0	0	0	9.56	5.41	63.7	36.0	99.8	720.8	5.9*10^6	0	0	0	0	0	0	0	0	0
msq-server-broadcast	8	4	281b	45000	44999	44985	14.999	3000.2	0.5	10.5	0.2	0.0	19.0	281.0	0.0	300.0	0	44985	0	0	0	8.93	6.03	59.5	40.2	99.8	1080.8	8.9*10^6	15	15	0	0	0	0	0	0	0
msq-server-broadcast	8	4	281b	60000	59993	59963	15.006	3998.3	0.5	8.4	0.3	0.0	19.0	281.0	0.0	300.0	0	59963	0	0	0	8.32	6.64	55.4	44.3	99.7	1440.1	11.8*10^6	37	37	0	0	0	0	0	0	0
msq-server-broadcast	8	4	281b	75000	74994	74958	15.003	4999.1	0.5	11.9	0.3	0.0	19.0	281.0	0.0	300.0	0	74958	0	0	0	8.03	6.94	53.5	46.2	99.7	1800.6	14.8*10^6	42	42	0	0	0	0	0	0	0
msq-server-broadcast	8	4	281b	90000	89998	89995	15.058	5977.1	0.5	2.9	0.2	0.0	19.0	281.0	0.0	300.0	0	89995	0	0	0	7.19	7.82	47.8	51.9	99.7	2153.7	17.6*10^6	5	5	0	0	0	0	0	0	0
msq-server-broadcast	8	4	281b	30000	30000	29997	14.999	2000.1	3.6	21.3	1.7	0.0	19.0	281.0	0.0	300.0	0	29997	0	0	0	9.37	5.59	62.5	37.3	99.8	720.7	5.9*10^6	3	3	0	0	0	0	0	0	0
msq-server-broadcast	8	4	281b	45000	44641	44195	15.014	2997.2	10.3	98.7	5.2	0.0	19.0	281.0	0.0	300.0	0	44195	0	0	0	8.19	6.78	54.6	45.1	99.7	1062.7	8.7*10^6	805	805	0	0	0	0	0	0	0
msq-server-broadcast	8	4	281b	60000	59583	59042	15.124	3967.1	2.4	77.6	1.3	0.0	19.0	281.0	0.0	300.0	0	59042	0	0	0	8.21	6.88	54.3	45.5	99.7	1409.1	11.5*10^6	958	958	0	0	0	0	0	0	0
msq-server-broadcast	8	4	281b	75000	74929	74814	15.005	4998.3	0.8	17.1	0.4	0.0	19.0	281.0	0.0	300.0	0	74814	0	0	0	7.99	6.97	53.2	46.5	99.7	1797.2	14.7*10^6	186	186	0	0	0	0	0	0	0
msq-server-broadcast	8	4	281b	90000	88999	88064	15.092	5963.3	2.6	106.1	1.3	0.1	19.0	281.0	0.0	300.0	0	88064	0	0	0	6.83	8.22	45.2	54.5	99.7	2106.8	17.3*10^6	1936	1936	0	0	0	0	0	0	0
msq-server-broadcast	8	4	281b	30000	29984	29965	14.999	2000.2	2.5	75.2	1.2	0.0	19.0	281.0	0.0	300.0	0	29965	0	0	0	9.12	5.84	60.8	39.0	99.8	720.0	5.9*10^6	35	35	0	0	0	0	0	0	0
msq-server-broadcast	8	4	281b	45000	44998	44994	15.009	2998.3	2.5	27.0	1.2	0.0	19.0	281.0	0.0	300.0	0	44994	0	0	0	8.51	6.47	56.7	43.1	99.8	1080.3	8.8*10^6	6	6	0	0	0	0	0	0	0
msq-server-broadcast	8	4	281b	60000	59705	59513	15.018	3995.2	3.1	75.4	1.6	0.0	19.0	281.0	0.0	300.0	0	59513	0	0	0	8.02	6.95	53.4	46.3	99.7	1428.9	11.7*10^6	487	487	0	0	0	0	0	0	0
msq-server-broadcast	8	4	281b	75000	74996	74968	15.003	4999.1	0.5	12.9	0.2	0.0	19.0	281.0	0.0	300.0	0	74968	0	0	0	7.93	7.03	52.8	46.9	99.7	1800.8	14.8*10^6	32	32	0	0	0	0	0	0	0
msq-server-broadcast	8	1	281b	30000	30000	30000	14.999	2000.2	0.4	5.0	0.2	0.0	19.0	281.0	0.0	300.0	0	30000	0	0	0	9.55	5.42	63.6	36.1	99.8	720.8	5.9*10^6	0	0	0	0	0	0	0	0	0
msq-server-broadcast	8	1	281b	45000	44984	44953	14.999	3000.2	0.5	11.5	0.2	0.0	19.0	281.0	0.0	300.0	0	44953	0	0	0	9.02	5.94	60.1	39.6	99.7	1080.1	8.8*10^6	47	47	0	0	0	0	0	0	0
msq-server-broadcast	8	1	281b	60000	60000	59996	15.006	3998.4	0.5	11.4	0.2	0.0	19.0	281.0	0.0	300.0	0	59996	0	0	0	8.38	6.59	55.8	43.9	99.7	1440.7	11.8*10^6	4	4	0	0	0	0	0	0	0
msq-server-broadcast	8	1	281b	75000	74982	74950	15.003	4999.1	0.5	14.5	0.3	0.0	19.0	281.0	0.0	300.0	0	74950	0	0	0	7.96	7.01	53.0	46.7	99.7	1800.4	14.7*10^6	50	50	0	0	0	0	0	0	0
msq-server-broadcast	8	1	281b	90000	89999	89998	14.997	6001.2	0.5	3.7	0.2	0.0	19.0	281.0	0.0	300.0	0	89998	0	0	0	7.59	7.36	50.6	49.1	99.7	2162.5	17.7*10^6	2	2	0	0	0	0	0	0	0
msq-server-broadcast	8	1	281b	30000	29967	29933	15.001	1999.8	3.9	95.5	2.0	0.0	19.0	281.0	0.0	300.0	0	29933	0	0	0	8.89	6.08	59.3	40.5	99.8	719.2	5.9*10^6	67	67	0	0	0	0	0	0	0
msq-server-broadcast	8	1	281b	45000	44990	44984	14.999	3000.2	1.5	63.0	0.7	0.0	19.0	281.0	0.0	300.0	0	44984	0	0	0	8.78	6.21	58.5	41.4	100.0	1080.8	8.9*10^6	16	16	0	0	0	0	0	0	0
msq-server-broadcast	8	1	281b	60000	59999	59991	15.006	3998.3	0.5	8.8	0.3	0.0	19.0	281.0	0.0	300.0	0	59991	0	0	0	8.39	6.58	55.9	43.8	99.7	1440.6	11.8*10^6	9	9	0	0	0	0	0	0	0
msq-server-broadcast	8	1	281b	75000	74715	74354	15.004	4998.6	6.1	73.1	3.1	0.0	19.0	281.0	0.0	300.0	0	74354	0	0	0	7.58	7.38	50.5	49.2	99.7	1787.4	14.6*10^6	646	646	0	0	0	0	0	0	0
msq-server-broadcast	8	1	281b	90000	88725	86952	15.001	5999.8	9.3	96.6	4.9	0.1	19.0	281.0	0.0	300.0	0	86952	0	0	0	6.98	7.98	46.5	53.2	99.7	2096.8	17.2*10^6	3048	3048	0	0	0	0	0	0	0
msq-server-broadcast	8	1	281b	30000	30000	29999	14.999	2000.2	0.5	7.3	0.2	0.0	19.0	281.0	0.0	300.0	0	29999	0	0	0	9.70	5.26	64.6	35.1	99.7	720.7	5.9*10^6	1	1	0	0	0	0	0	0	0
msq-server-broadcast	8	1	281b	45000	44988	44964	14.999	3000.2	0.5	16.9	0.2	0.0	19.0	281.0	0.0	300.0	0	44964	0	0	0	9.07	5.89	60.4	39.3	99.7	1080.4	8.9*10^6	36	36	0	0	0	0	0	0	0
msq-server-broadcast	8	1	281b	60000	59999	59988	15.006	3998.3	0.5	8.2	0.2	0.0	19.0	281.0	0.0	300.0	0	59988	0	0	0	10.88	4.08	72.5	27.2	99.7	1440.6	11.8*10^6	12	12	0	0	0	0	0	0	0
msq-server-broadcast	8	1	281b	75000	74997	74970	15.003	4999.1	0.5	11.5	0.2	0.0	19.0	281.0	0.0	300.0	0	74970	0	0	0	8.08	6.90	53.9	46.0	99.9	1800.8	14.8*10^6	30	30	0	0	0	0	0	0	0
msq-server-broadcast	8	1	281b	90000	89999	89997	14.999	6000.3	0.5	4.6	0.2	0.0	19.0	281.0	0.0	300.0	0	89997	0	0	0	7.51	7.45	50.1	49.7	99.7	2162.2	17.7*10^6	3	3	0	0	0	0	0	0	0
msq-server-broadcast	8	1	281b	30000	30000	30000	14.999	2000.2	0.4	3.2	0.2	0.0	19.0	281.0	0.0	300.0	0	30000	0	0	0	9.57	5.39	63.8	36.0	99.8	720.8	5.9*10^6	0	0	0	0	0	0	0	0	0
msq-server-broadcast	8	1	281b	45000	44991	44991	14.999	3000.2	0.9	10.3	0.4	0.0	19.0	281.0	0.0	300.0	0	44991	0	0	0	8.87	6.09	59.1	40.6	99.7	1080.9	8.9*10^6	9	9	0	0	0	0	0	0	0
msq-server-broadcast	8	1	281b	60000	59962	59924	15.017	3995.5	4.8	74.8	2.4	0.0	19.0	281.0	0.0	300.0	0	59924	0	0	0	7.95	7.02	53.0	46.8	99.7	1438.1	11.8*10^6	76	76	0	0	0	0	0	0	0
msq-server-broadcast	8	1	281b	75000	74059	72602	15.004	4998.7	5.4	76.3	2.8	0.0	19.0	281.0	0.0	300.0	0	72602	0	0	0	7.61	7.35	50.8	49.0	99.7	1750.2	14.3*10^6	2398	2398	0	0	0	0	0	0	0
lcrq-server-signal	8	4	281b	30000	30000	30000	14.999	2000.2	0.4	2.3	0.2	0.0	19.0	281.0	0.0	300.0	0	30000	0	0	0	9.57	5.40	63.8	36.0	99.8	720.8	5.9*10^6	0	0	0	0	0	0	0	0	0
lcrq-server-signal	8	4	281b	45000	45000	44999	14.999	3000.2	0.5	5.9	0.2	0.0	19.0	281.0	0.0	300.0	0	44999	0	0	0	8.81	6.15	58.8	41.0	99.8	1081.1	8.9*10^6	1	1	0	0	0	0	0	0	0
lcrq-server-signal	8	4	281b	60000	59998	59985	15.006	3998.3	0.5	8.1	0.2	0.0	19.0	281.0	0.0	300.0	0	59985	0	0	0	8.51	6.45	56.7	43.0	99.7	1440.5	11.8*10^6	15	15	0	0	0	0	0	0	0
lcrq-server-signal	8	4	281b	75000	74983	74939	15.003	4999.1	0.5	11.4	0.3	0.0	19.0	281.0	0.0	300.0	0	74939	0	0	0	8.07	6.89	53.8	45.9	99.7	1800.2	14.7*10^6	61	61	0	0	0	0	0	0	0
lcrq-server-signal	8	4	281b	90000	89985	89969	14.999	6000.3	0.5	6.2	0.2	0.0	19.0	281.0	0.0	300.0	0	89969	0	0	0	7.59	7.36	50.6	49.1	99.7	2161.6	17.7*10^6	31	31	0	0	0	0	0	0	0
lcrq-server-signal	8	4	281b	30000	29815	29395	14.999	2000.2	11.2	111.0	5.7	0.0	19.0	281.0	0.0	300.0	0	29395	0	0	0	8.61	6.35	57.4	42.4	99.8	708.1	5.8*10^6	605	605	0	0	0	0	0	0	0
lcrq-server-signal	8	4	281b	45000	44334	43241	15.002	2999.6	16.9	109.7	8.6	0.0	19.0	281.0	0.0	300.0	0	43241	0	0	0	7.22	7.74	48.1	51.6	99.7	1043.6	8.5*10^6	1759	1759	0	0	0	0	0	0	0
lcrq-server-signal	8	4	281b	60000	58306	56212	15.036	3990.5	13.6	77.3	7.1	0.1	19.0	281.0	0.0	300.0	0	56212	0	0	0	7.36	7.63	49.0	50.7	99.7	1356.6	11.1*10^6	3788	3788	0	0	0	0	0	0	0
lcrq-server-signal	8	4	281b	75000	71869	67521	15.006	4998.1	16.2	110.3	8.6	0.1	19.0	281.0	0.0	300.0	0	67521	0	0	0	6.78	8.19	45.2	54.6	99.7	1641.0	13.4*10^6	7479	7479	0	0	0	0	0	0	0
lcrq-server-signal	8	4	281b	90000	87950	85375	15.050	5979.9	13.4	96.1	6.9	0.1	19.0	281.0	0.0	300.0	0	85375	0	0	0	6.73	8.28	44.7	55.0	99.7	2055.7	16.8*10^6	4625	4625	0	0	0	0	0	0	0
lcrq-server-signal	8	4	281b	30000	29989	29955	14.999	2000.2	1.6	22.4	0.8	0.0	19.0	281.0	0.0	300.0	0	29955	0	0	0	9.36	5.60	62.4	37.3	99.8	719.8	5.9*10^6	45	45	0	0	0	0	0	0	0
lcrq-server-signal	8	4	281b	45000	45000	44998	15.012	2997.5	2.1	21.5	1.0	0.0	19.0	281.0	0.0	300.0	0	44998	0	0	0	8.73	6.25	58.1	41.6	99.7	1080.1	8.8*10^6	2	2	0	0	0	0	0	0	0
lcrq-server-signal	8	4	281b	60000	59393	58502	15.007	3998.1	5.3	108.5	2.8	0.0	19.0	281.0	0.0	300.0	0	58502	0	0	0	7.97	7.00	53.1	46.6	99.7	1408.8	11.5*10^6	1498	1498	0	0	0	0	0	0	0
lcrq-server-signal	8	4	281b	75000	74282	73256	15.003	4999.1	5.2	113.7	2.8	0.0	19.0	281.0	0.0	300.0	0	73256	0	0	0	7.35	7.61	49.0	50.7	99.7	1764.2	14.5*10^6	1744	1744	0	0	0	0	0	0	0
lcrq-server-signal	8	1	281b	30000	29983	29966	14.999	2000.2	2.9	107.7	1.4	0.0	19.0	281.0	0.0	300.0	0	29966	0	0	0	9.21	5.76	61.4	38.4	99.8	720.0	5.9*10^6	34	34	0	0	0	0	0	0	0
lcrq-server-signal	8	1	281b	45000	45000	44999	14.999	3000.1	0.9	8.2	0.4	0.0	19.0	281.0	0.0	300.0	0	44999	0	0	0	9.02	5.94	60.1	39.6	99.7	1081.1	8.9*10^6	1	1	0	0	0	0	0	0	0
lcrq-server-signal	8	1	281b	60000	59998	59979	15.006	3998.4	0.7	9.6	0.3	0.0	19.0	281.0	0.0	300.0	0	59979	0	0	0	8.80	6.17	58.7	41.1	99.8	1440.4	11.8*10^6	21	21	0	0	0	0	0	0	0
lcrq-server-signal	8	1	281b	75000	74938	74846	15.003	4999.1	3.4	88.9	1.7	0.0	19.0	281.0	0.0	300.0	0	74846	0	0	0	7.54	7.42	50.3	49.4	99.7	1798.1	14.7*10^6	154	154	0	0	0	0	0	0	0
lcrq-server-signal	8	1	281b	90000	89994	89991	15.000	6000.0	1.0	4.6	0.5	0.0	19.0	281.0	0.0	300.0	0	89991	0	0	0	7.65	7.30	51.0	48.7	99.7	2161.9	17.7*10^6	9	9	0	0	0	0	0	0	0
lcrq-server-signal	8	1	281b	30000	30000	30000	14.999	2000.2	0.5	2.4	0.2	0.0	19.0	281.0	0.0	300.0	0	30000	0	0	0	9.52	5.44	63.5	36.3	99.8	720.8	5.9*10^6	0	0	0	0	0	0	0	0	0
lcrq-server-signal	8	1	281b	45000	44998	44989	14.999	3000.2	0.5	6.2	0.2	0.0	19.0	281.0	0.0	300.0	0	44989	0	0	0	8.79	6.17	58.6	41.1	99.7	1080.9	8.9*10^6	11	11	0	0	0	0	0	0	0
lcrq-server-signal	8	1	281b	60000	59987	59932	15.006	3998.3	0.5	13.3	0.3	0.0	19.0	281.0	0.0	300.0	0	59932	0	0	0	8.46	6.50	56.4	43.3	99.7	1439.4	11.8*10^6	68	68	0	0	0	0	0	0	0
lcrq-server-signal	8	1	281b	75000	74978	74896	15.003	4999.1	0.5	13.0	0.3	0.0	19.0	281.0	0.0	300.0	0	74896	0	0	0	7.92	7.04	52.8	46.9	99.7	1799.3	14.7*10^6	104	104	0	0	0	0	0	0	0
lcrq-server-signal	8	1	281b	90000	89943	89885	14.999	6000.4	0.5	15.6	0.3	0.0	19.0	281.0	0.0	300.0	0	89885	0	0	0	7.52	7.44	50.1	49.6	99.7	2159.7	17.7*10^6	115	115	0	0	0	0	0	0	0
lcrq-server-signal	8	1	281b	30000	29040	27192	15.129	1982.9	13.4	109.9	7.3	0.0	19.0	281.0	0.0	300.0	0	27192	0	0	0	8.13	6.96	53.8	46.0	99.7	655.9	5.4*10^6	2808	2808	0	0	0	0	0	0	0
lcrq-server-signal	8	1	281b	45000	44736	44270	14.999	3000.2	5.5	100.0	2.9	0.0	19.0	281.0	0.0	300.0	0	44270	0	0	0	8.46	6.49	56.4	43.3	99.7	1065.7	8.7*10^6	730	730	0	0	0	0	0	0	0
lcrq-server-signal	8	1	281b	60000	59917	59805	15.008	3997.9	2.4	84.6	1.2	0.0	19.0	281.0	0.0	300.0	0	59805	0	0	0	7.91	7.05	52.7	47.0	99.7	1436.5	11.8*10^6	195	195	0	0	0	0	0	0	0
lcrq-server-signal	8	1	281b	75000	74995	74960	15.004	4998.6	0.9	13.4	0.4	0.0	19.0	281.0	0.0	300.0	0	74960	0	0	0	7.85	7.11	52.3	47.4	99.7	1800.5	14.7*10^6	40	40	0	0	0	0	0	0	0
msq-server-signal	8	16	281b	30000	30000	30000	14.999	2000.1	0.5	8.7	0.3	0.0	19.0	281.0	0.0	300.0	0	30000	0	0	0	9.52	5.44	63.5	36.3	99.8	720.8	5.9*10^6	0	0	0	0	0	0	0	0	0
msq-server-signal	8	16	281b	45000	44771	44468	15.099	2980.4	6.4	107.0	3.3	0.0	19.0	281.0	0.0	300.0	0	44468	0	0	0	8.60	6.45	57.0	42.7	99.7	1062.6	8.7*10^6	532	532	0	0	0	0	0	0	0
msq-server-signal	8	16	281b	60000	59743	59426	15.006	3998.3	5.0	77.4	2.5	0.0	19.0	281.0	0.0	300.0	0	59426	0	0	0	7.80	7.16	52.0	47.7	99.7	1428.4	11.7*10^6	574	574	0	0	0	0	0	0	0
msq-server-signal	8	16	281b	75000	69270	61488	15.098	4967.6	24.1	114.2	12.6	0.1	19.0	281.0	0.0	300.0	0	61488	0	0	0	6.58	8.47	43.6	56.1	99.7	1502.3	12.3*10^6	13512	13512	0	0	0	0	0	0	0
msq-server-signal	8	16	281b	90000	89755	89506	15.003	5998.7	3.1	97.4	1.6	0.0	19.0	281.0	0.0	300.0	0	89506	0	0	0	6.94	8.02	46.3	53.4	99.7	2150.9	17.6*10^6	494	494	0	0	0	0	0	0	0
msq-server-signal	8	16	281b	30000	30000	30000	14.999	2000.2	0.7	7.8	0.4	0.0	19.0	281.0	0.0	300.0	0	30000	0	0	0	9.64	5.32	64.3	35.5	99.7	720.8	5.9*10^6	0	0	0	0	0	0	0	0	0
msq-server-signal	8	16	281b	45000	45000	45000	14.999	3000.2	0.5	4.1	0.2	0.0	19.0	281.0	0.0	300.0	0	45000	0	0	0	8.70	6.26	58.0	41.7	99.7	1081.1	8.9*10^6	0	0	0	0	0	0	0	0	0
msq-server-signal	8	16	281b	60000	59921	59832	15.100	3973.6	1.3	99.0	0.6	0.0	19.0	281.0	0.0	300.0	0	59832	0	0	0	8.99	6.07	59.5	40.2	99.7	1428.3	11.7*10^6	168	168	0	0	0	0	0	0	0
msq-server-signal	8	16	281b	75000	74950	74884	15.003	4999.0	2.1	19.5	1.0	0.0	19.0	281.0	0.0	300.0	0	74884	0	0	0	7.75	7.21	51.6	48.1	99.7	1798.9	14.7*10^6	116	116	0	0	0	0	0	0	0
http-server-broadcast	8	16	281b	30000	30000	29999	14.999	2000.2	0.5	9.8	0.3	0.0	19.0	281.0	0.0	300.0	0	29999	0	0	0	9.52	5.45	63.4	36.3	99.8	720.7	5.9*10^6	1	1	0	0	0	0	0	0	0
http-server-broadcast	8	16	281b	45000	44953	44856	14.999	3000.2	1.8	16.0	0.9	0.0	19.0	281.0	0.0	300.0	0	44856	0	0	0	8.79	6.17	58.6	41.1	99.7	1078.1	8.8*10^6	144	144	0	0	0	0	0	0	0
http-server-broadcast	8	16	281b	60000	59980	59935	15.006	3998.3	0.6	10.2	0.3	0.0	19.0	281.0	0.0	300.0	0	59935	0	0	0	8.35	6.62	55.6	44.1	99.7	1439.4	11.8*10^6	65	65	0	0	0	0	0	0	0
http-server-broadcast	8	16	281b	75000	74958	74880	15.004	4998.8	0.6	13.4	0.3	0.0	19.0	281.0	0.0	300.0	0	74880	0	0	0	7.84	7.12	52.3	47.5	99.7	1798.8	14.7*10^6	120	120	0	0	0	0	0	0	0
http-server-broadcast	8	16	281b	90000	89943	89844	14.999	6000.3	0.6	7.0	0.3	0.1	19.0	281.0	0.0	300.0	0	89844	0	0	0	7.60	7.36	50.6	49.1	99.7	2158.9	17.7*10^6	156	156	0	0	0	0	0	0	0
http-server-broadcast	8	16	281b	30000	30000	30000	14.999	2000.2	0.5	3.5	0.2	0.0	19.0	281.0	0.0	300.0	0	30000	0	0	0	9.67	5.29	64.5	35.2	99.7	720.8	5.9*10^6	0	0	0	0	0	0	0	0	0
http-server-broadcast	8	16	281b	45000	44997	44972	14.999	3000.2	0.4	12.3	0.2	0.0	19.0	281.0	0.0	300.0	0	44972	0	0	0	9.56	5.40	63.8	36.0	99.8	1080.6	8.9*10^6	28	28	0	0	0	0	0	0	0
http-server-broadcast	8	16	281b	60000	59992	59965	15.006	3998.3	0.5	10.7	0.3	0.0	19.0	281.0	0.0	300.0	0	59965	0	0	0	8.53	6.43	56.9	42.8	99.7	1440.1	11.8*10^6	35	35	0	0	0	0	0	0	0
http-server-broadcast	8	16	281b	75000	74977	74885	15.003	4999.1	0.5	12.5	0.3	0.0	19.0	281.0	0.0	300.0	0	74885	0	0	0	8.10	6.86	54.0	45.7	99.7	1799.1	14.7*10^6	115	115	0	0	0	0	0	0	0
lcrq-server-signal	8	32	281b	30000	29998	29993	14.999	2000.2	0.5	13.3	0.2	0.0	19.0	281.0	0.0	300.0	0	29993	0	0	0	9.56	5.41	63.7	36.0	99.8	720.6	5.9*10^6	7	7	0	0	0	0	0	0	0
lcrq-server-signal	8	32	281b	45000	44997	44991	15.000	2999.9	0.5	12.0	0.2	0.0	19.0	281.0	0.0	300.0	0	44991	0	0	0	8.87	6.09	59.1	40.6	99.7	1080.8	8.9*10^6	9	9	0	0	0	0	0	0	0
lcrq-server-signal	8	32	281b	60000	59970	59912	15.007	3998.2	0.9	14.4	0.4	0.0	19.0	281.0	0.0	300.0	0	59912	0	0	0	8.41	6.55	56.1	43.7	99.7	1438.9	11.8*10^6	88	88	0	0	0	0	0	0	0
lcrq-server-signal	8	32	281b	75000	74993	74966	15.003	4999.1	0.5	13.5	0.2	0.0	19.0	281.0	0.0	300.0	0	74966	0	0	0	8.04	6.92	53.6	46.1	99.7	1800.7	14.8*10^6	34	34	0	0	0	0	0	0	0
msq-server-signal	8	32	281b	30000	30000	30000	14.999	2000.2	0.5	4.5	0.2	0.0	19.0	281.0	0.0	300.0	0	30000	0	0	0	9.54	5.42	63.6	36.1	99.8	720.8	5.9*10^6	0	0	0	0	0	0	0	0	0
msq-server-signal	8	32	281b	45000	45000	44999	14.999	3000.2	0.7	6.4	0.4	0.0	19.0	281.0	0.0	300.0	0	44999	0	0	0	8.71	6.25	58.1	41.7	99.7	1081.1	8.9*10^6	1	1	0	0	0	0	0	0	0
msq-server-signal	8	32	281b	60000	59953	59905	15.007	3998.3	6.4	79.2	3.1	0.0	19.0	281.0	0.0	300.0	0	59905	0	0	0	7.76	7.21	51.7	48.0	99.7	1438.7	11.8*10^6	95	95	0	0	0	0	0	0	0
msq-server-signal	8	32	281b	75000	74801	74587	15.004	4998.7	4.6	85.3	2.2	0.0	19.0	281.0	0.0	300.0	0	74587	0	0	0	7.28	7.68	48.5	51.2	99.7	1792.3	14.7*10^6	413	413	0	0	0	0	0	0	0
http-server-signal	8	16	281b	30000	30000	30000	14.999	2000.1	0.7	5.9	0.3	0.0	19.0	281.0	0.0	300.0	0	30000	0	0	0	9.74	5.25	64.9	35.0	100.0	720.8	5.9*10^6	0	0	0	0	0	0	0	0	0
http-server-signal	8	16	281b	45000	45000	44999	14.999	3000.2	0.6	5.6	0.3	0.0	19.0	281.0	0.0	300.0	0	44999	0	0	0	9.10	5.85	60.7	39.0	99.7	1081.1	8.9*10^6	1	1	0	0	0	0	0	0	0
http-server-signal	8	16	281b	60000	59990	59973	15.006	3998.3	0.5	8.6	0.2	0.0	19.0	281.0	0.0	300.0	0	59973	0	0	0	9.17	5.82	61.1	38.8	99.9	1440.2	11.8*10^6	27	27	0	0	0	0	0	0	0
http-server-signal	8	16	281b	75000	74960	74886	15.000	5000.0	0.6	12.1	0.3	0.0	19.0	281.0	0.0	300.0	0	74886	0	0	0	8.08	6.88	53.9	45.8	99.7	1799.3	14.7*10^6	114	114	0	0	0	0	0	0	0
http-server-signal	8	16	281b	90000	89996	89986	14.999	6000.4	0.5	3.4	0.2	0.0	19.0	281.0	0.0	300.0	0	89986	0	0	0	8.53	6.43	56.9	42.9	99.7	2161.9	17.7*10^6	14	14	0	0	0	0	0	0	0
http-server-signal	8	16	281b	30000	30000	30000	14.999	2000.2	0.5	4.1	0.3	0.0	19.0	281.0	0.0	300.0	0	30000	0	0	0	9.66	5.30	64.4	35.4	99.8	720.8	5.9*10^6	0	0	0	0	0	0	0	0	0
http-server-signal	8	16	281b	45000	44997	44993	14.999	3000.2	0.5	5.5	0.2	0.0	19.0	281.0	0.0	300.0	0	44993	0	0	0	8.88	6.07	59.2	40.5	99.7	1081.0	8.9*10^6	7	7	0	0	0	0	0	0	0
http-server-signal	8	16	281b	60000	59997	59988	15.006	3998.3	0.5	8.1	0.2	0.0	19.0	281.0	0.0	300.0	0	59988	0	0	0	8.51	6.45	56.7	43.0	99.7	1440.6	11.8*10^6	12	12	0	0	0	0	0	0	0
http-server-signal	8	16	281b	75000	74954	74881	15.012	4996.1	0.7	12.3	0.3	0.0	19.0	281.0	0.0	300.0	0	74881	0	0	0	7.77	7.20	51.8	47.9	99.7	1797.8	14.7*10^6	119	119	0	0	0	0	0	0	0
lcrq-server-broadcast	8	1	281b	30000	29966	29940	15.000	2000.0	4.7	79.2	2.4	0.0	19.0	281.0	0.0	300.0	0	29940	0	0	0	8.91	6.06	59.4	40.4	99.8	719.4	5.9*10^6	60	60	0	0	0	0	0	0	0
lcrq-server-broadcast	8	1	281b	45000	44835	44618	15.005	2998.9	8.0	96.1	4.0	0.0	19.0	281.0	0.0	300.0	0	44618	0	0	0	8.22	6.74	54.8	44.9	99.7	1072.5	8.8*10^6	382	382	0	0	0	0	0	0	0
lcrq-server-broadcast	8	1	281b	60000	58380	56062	15.120	3968.3	10.6	99.6	5.7	0.1	19.0	281.0	0.0	300.0	0	56062	0	0	0	7.76	7.32	51.4	48.4	99.7	1346.5	11.0*10^6	3938	3938	0	0	0	0	0	0	0
lcrq-server-broadcast	8	1	281b	75000	74945	74894	15.003	4999.1	3.3	72.8	1.6	0.0	19.0	281.0	0.0	300.0	0	74894	0	0	0	7.92	7.04	52.8	47.0	99.7	1799.1	14.7*10^6	106	106	0	0	0	0	0	0	0
lcrq-server-broadcast	8	1	281b	90000	89899	89815	14.999	6000.2	2.9	108.2	1.5	0.1	19.0	281.0	0.0	300.0	0	89815	0	0	0	7.77	7.19	51.8	48.0	99.7	2158.1	17.7*10^6	185	185	0	0	0	0	0	0	0
lcrq-server-broadcast	8	1	281b	30000	29972	29949	15.007	1999.1	6.1	84.1	2.9	0.0	19.0	281.0	0.0	300.0	0	29949	0	0	0	8.64	6.34	57.5	42.2	99.8	719.2	5.9*10^6	51	51	0	0	0	0	0	0	0
lcrq-server-broadcast	8	1	281b	45000	44977	44951	15.016	2996.8	4.7	93.0	2.3	0.0	19.0	281.0	0.0	300.0	0	44951	0	0	0	8.12	6.86	54.1	45.7	99.8	1078.9	8.8*10^6	49	49	0	0	0	0	0	0	0
lcrq-server-broadcast	8	1	281b	60000	59964	59927	15.010	3997.3	4.2	57.7	2.1	0.0	19.0	281.0	0.0	300.0	0	59927	0	0	0	7.93	7.04	52.8	46.9	99.7	1438.8	11.8*10^6	73	73	0	0	0	0	0	0	0
lcrq-server-broadcast	8	1	281b	75000	74983	74954	15.003	4998.9	0.7	18.5	0.3	0.0	19.0	281.0	0.0	300.0	0	74954	0	0	0	7.94	7.02	52.9	46.8	99.7	1800.4	14.7*10^6	46	46	0	0	0	0	0	0	0
lcrq-server-broadcast	8	1	281b	90000	89970	89942	14.999	6000.4	0.5	10.7	0.2	0.0	19.0	281.0	0.0	300.0	0	89942	0	0	0	7.47	7.48	49.8	49.9	99.7	2161.0	17.7*10^6	58	58	0	0	0	0	0	0	0
lcrq-server-broadcast	8	1	281b	30000	29671	29147	14.999	2000.2	5.4	110.6	2.9	0.0	19.0	281.0	0.0	300.0	0	29147	0	0	0	8.81	6.15	58.8	41.0	99.8	702.6	5.8*10^6	853	853	0	0	0	0	0	0	0
lcrq-server-broadcast	8	1	281b	45000	44861	44687	14.999	3000.2	3.7	99.0	1.9	0.0	19.0	281.0	0.0	300.0	0	44687	0	0	0	8.56	6.39	57.1	42.6	99.7	1074.4	8.8*10^6	313	313	0	0	0	0	0	0	0
lcrq-server-broadcast	8	1	281b	60000	59968	59953	15.006	3998.3	2.5	74.5	1.3	0.0	19.0	281.0	0.0	300.0	0	59953	0	0	0	8.09	6.87	53.9	45.8	99.7	1439.7	11.8*10^6	47	47	0	0	0	0	0	0	0
lcrq-server-broadcast	8	1	281b	75000	73684	71646	15.003	4999.0	8.9	76.9	4.7	0.1	19.0	281.0	0.0	300.0	0	71646	0	0	0	7.26	7.71	48.4	51.4	99.7	1730.0	14.2*10^6	3354	3354	0	0	0	0	0	0	0
http-server-broadcast	8	1	281b	30000	29779	29395	14.999	2000.2	6.6	109.4	3.4	0.0	19.0	281.0	0.0	300.0	0	29395	0	0	0	8.58	6.38	57.2	42.6	99.8	708.0	5.8*10^6	605	605	0	0	0	0	0	0	0
http-server-broadcast	8	1	281b	45000	44453	43420	15.117	2976.8	5.6	79.0	3.0	0.0	19.0	281.0	0.0	300.0	0	43420	0	0	0	8.51	6.57	56.3	43.4	99.7	1039.6	8.5*10^6	1580	1580	0	0	0	0	0	0	0
http-server-broadcast	8	1	281b	60000	59994	59976	15.006	3998.3	0.5	8.7	0.2	0.0	19.0	281.0	0.0	300.0	0	59976	0	0	0	9.30	5.68	61.9	37.8	99.8	1440.3	11.8*10^6	24	24	0	0	0	0	0	0	0
http-server-broadcast	8	1	281b	75000	74990	74960	15.003	4999.1	0.5	12.0	0.3	0.0	19.0	281.0	0.0	300.0	0	74960	0	0	0	8.38	6.58	55.8	43.9	99.7	1800.6	14.8*10^6	40	40	0	0	0	0	0	0	0
http-server-broadcast	8	1	281b	90000	90000	90000	14.999	6000.4	0.5	4.1	0.2	0.0	19.0	281.0	0.0	300.0	0	90000	0	0	0	8.45	6.50	56.4	43.4	99.7	2162.2	17.7*10^6	0	0	0	0	0	0	0	0	0
http-server-broadcast	8	1	281b	30000	29983	29971	15.100	1986.8	2.5	75.0	1.2	0.0	19.0	281.0	0.0	300.0	0	29971	0	0	0	9.22	5.84	61.0	38.7	99.7	715.3	5.9*10^6	29	29	0	0	0	0	0	0	0
http-server-broadcast	8	1	281b	45000	44996	44992	15.000	2999.9	2.4	56.3	1.1	0.0	19.0	281.0	0.0	300.0	0	44992	0	0	0	10.24	4.72	68.2	31.5	99.7	1080.9	8.9*10^6	8	8	0	0	0	0	0	0	0
http-server-broadcast	8	1	281b	60000	59990	59958	15.009	3997.6	1.9	10.9	0.9	0.0	19.0	281.0	0.0	300.0	0	59958	0	0	0	8.35	6.62	55.6	44.1	99.7	1439.7	11.8*10^6	42	42	0	0	0	0	0	0	0
http-server-broadcast	8	1	281b	75000	74956	74907	15.003	4999.1	0.9	13.7	0.5	0.0	19.0	281.0	0.0	300.0	0	74907	0	0	0	7.97	6.99	53.1	46.6	99.7	1799.4	14.7*10^6	93	93	0	0	0	0	0	0	0
http-server-broadcast	8	1	281b	90000	89921	89828	14.999	6000.3	0.9	7.0	0.4	0.0	19.0	281.0	0.0	300.0	0	89828	0	0	0	7.66	7.30	51.1	48.7	99.8	2158.5	17.7*10^6	172	172	0	0	0	0	0	0	0
http-server-broadcast	8	1	281b	30000	29997	29993	14.999	2000.2	0.5	9.3	0.3	0.0	19.0	281.0	0.0	300.0	0	29993	0	0	0	9.63	5.33	64.2	35.5	99.8	720.6	5.9*10^6	7	7	0	0	0	0	0	0	0
http-server-broadcast	8	1	281b	45000	44988	44955	14.999	3000.2	0.6	23.7	0.3	0.0	19.0	281.0	0.0	300.0	0	44955	0	0	0	9.58	5.39	63.8	35.9	99.7	1080.2	8.8*10^6	45	45	0	0	0	0	0	0	0
http-server-broadcast	8	1	281b	60000	59993	59974	15.006	3998.3	0.6	14.3	0.3	0.0	19.0	281.0	0.0	300.0	0	59974	0	0	0	8.50	6.47	56.6	43.1	99.7	1440.3	11.8*10^6	26	26	0	0	0	0	0	0	0
http-server-broadcast	8	1	281b	75000	74970	74898	15.006	4998.0	1.0	20.7	0.5	0.0	19.0	281.0	0.0	300.0	0	74898	0	0	0	8.12	6.84	54.1	45.6	99.7	1798.9	14.7*10^6	102	102	0	0	0	0	0	0	0
http-server-broadcast	8	1	281b	90000	89843	89642	14.999	6000.3	1.1	12.8	0.5	0.0	19.0	281.0	0.0	300.0	0	89642	0	0	0	8.07	6.89	53.8	45.9	99.7	2154.5	17.6*10^6	358	358	0	0	0	0	0	0	0
http-server-broadcast	8	1	281b	30000	30000	30000	14.999	2000.2	1.0	14.3	0.5	0.0	19.0	281.0	0.0	300.0	0	30000	0	0	0	9.29	5.67	62.0	37.8	99.8	720.8	5.9*10^6	0	0	0	0	0	0	0	0	0
http-server-broadcast	8	1	281b	45000	44986	44958	14.999	3000.2	1.0	16.5	0.5	0.0	19.0	281.0	0.0	300.0	0	44958	0	0	0	8.72	6.24	58.1	41.6	99.7	1080.2	8.8*10^6	42	42	0	0	0	0	0	0	0
http-server-broadcast	8	1	281b	60000	59390	58538	15.008	3998.0	6.0	99.6	3.2	0.0	19.0	281.0	0.0	300.0	0	58538	0	0	0	7.68	7.29	51.2	48.6	99.7	1409.4	11.5*10^6	1462	1462	0	0	0	0	0	0	0
http-server-broadcast	8	1	281b	75000	73641	71740	15.003	4999.0	8.6	109.5	4.5	0.1	19.0	281.0	0.0	300.0	0	71740	0	0	0	7.29	7.67	48.6	51.1	99.7	1731.6	14.2*10^6	3260	3260	0	0	0	0	0	0	0
msq-server-signal	8	4	281b	30000	29670	29084	15.123	1983.8	7.3	110.6	3.9	0.0	19.0	281.0	0.0	300.0	0	29084	0	0	0	8.92	6.17	59.0	40.8	99.8	695.6	5.7*10^6	916	916	0	0	0	0	0	0	0
msq-server-signal	8	4	281b	45000	44846	44631	14.999	3000.2	6.2	114.6	3.2	0.0	19.0	281.0	0.0	300.0	0	44631	0	0	0	8.41	6.55	56.1	43.7	99.7	1073.2	8.8*10^6	369	369	0	0	0	0	0	0	0
msq-server-signal	8	4	281b	60000	58833	57002	15.007	3998.2	5.9	112.8	3.3	0.0	19.0	281.0	0.0	300.0	0	57002	0	0	0	7.78	7.18	51.9	47.9	99.7	1377.0	11.3*10^6	2998	2998	0	0	0	0	0	0	0
msq-server-signal	8	4	281b	75000	74535	74060	15.108	4964.3	7.8	87.6	4.0	0.1	19.0	281.0	0.0	300.0	0	74060	0	0	0	7.02	8.04	46.5	53.2	99.7	1768.6	14.5*10^6	940	940	0	0	0	0	0	0	0
msq-server-signal	8	4	281b	90000	89755	89536	15.000	6000.2	0.8	12.1	0.4	0.0	19.0	281.0	0.0	300.0	0	89536	0	0	0	7.36	7.60	49.0	50.6	99.7	2152.0	17.6*10^6	464	464	0	0	0	0	0	0	0
msq-server-signal	8	4	281b	30000	29974	29944	15.019	1997.4	7.3	84.3	3.6	0.0	19.0	281.0	0.0	300.0	0	29944	0	0	0	8.77	6.22	58.4	41.4	99.8	718.6	5.9*10^6	56	56	0	0	0	0	0	0	0
msq-server-signal	8	4	281b	45000	44966	44919	15.000	3000.1	3.4	76.4	1.7	0.0	19.0	281.0	0.0	300.0	0	44919	0	0	0	8.54	6.42	56.9	42.8	99.7	1079.3	8.8*10^6	81	81	0	0	0	0	0	0	0
msq-server-signal	8	4	281b	60000	58975	57538	15.132	3965.2	11.0	85.0	5.7	0.0	19.0	281.0	0.0	300.0	0	57538	0	0	0	7.53	7.56	49.7	50.0	99.7	1376.6	11.3*10^6	2462	2462	0	0	0	0	0	0	0
msq-server-signal	8	4	281b	75000	74744	74551	15.003	4999.1	10.5	92.7	5.2	0.1	19.0	281.0	0.0	300.0	0	74551	0	0	0	7.02	7.94	46.8	52.9	99.7	1791.5	14.7*10^6	449	449	0	0	0	0	0	0	0
msq-server-signal	8	4	281b	90000	89837	89701	14.999	6000.3	0.9	13.5	0.4	0.0	19.0	281.0	0.0	300.0	0	89701	0	0	0	7.42	7.53	49.5	50.2	99.7	2155.6	17.7*10^6	299	299	0	0	0	0	0	0	0
msq-server-signal	8	4	281b	30000	29893	29780	15.104	1986.2	2.2	109.5	1.1	0.0	19.0	281.0	0.0	300.0	0	29780	0	0	0	9.41	5.66	62.3	37.5	99.8	711.0	5.8*10^6	220	220	0	0	0	0	0	0	0
msq-server-signal	8	4	281b	45000	44859	44661	15.000	3000.0	2.5	109.5	1.3	0.0	19.0	281.0	0.0	300.0	0	44661	0	0	0	8.61	6.34	57.4	42.3	99.7	1073.8	8.8*10^6	339	339	0	0	0	0	0	0	0
msq-server-signal	8	4	281b	60000	59972	59927	15.041	3989.2	2.3	24.6	1.1	0.0	19.0	281.0	0.0	300.0	0	59927	0	0	0	8.07	6.93	53.6	46.1	99.7	1436.0	11.8*10^6	73	73	0	0	0	0	0	0	0
msq-server-signal	8	4	281b	75000	70685	64589	15.099	4967.1	16.3	108.7	8.7	0.1	19.0	281.0	0.0	300.0	0	64589	0	0	0	7.12	7.94	47.2	52.6	99.7	1568.7	12.9*10^6	10411	10411	0	0	0	0	0	0	0
http-server-signal	8	4	281b	30000	29530	28705	15.000	2000.0	9.0	110.0	4.8	0.0	19.0	281.0	0.0	300.0	0	28705	0	0	0	8.77	6.19	58.5	41.3	99.8	693.3	5.7*10^6	1295	1295	0	0	0	0	0	0	0
http-server-signal	8	4	281b	45000	44972	44927	15.000	3000.1	2.3	91.5	1.2	0.0	19.0	281.0	0.0	300.0	0	44927	0	0	0	9.38	5.58	62.6	37.2	99.7	1079.5	8.8*10^6	73	73	0	0	0	0	0	0	0
http-server-signal	8	4	281b	60000	60000	59998	15.006	3998.3	0.8	16.1	0.4	0.0	19.0	281.0	0.0	300.0	0	59998	0	0	0	8.52	6.45	56.8	43.0	99.7	1440.8	11.8*10^6	2	2	0	0	0	0	0	0	0
http-server-signal	8	4	281b	75000	74991	74958	15.003	4999.1	0.5	12.6	0.2	0.0	19.0	281.0	0.0	300.0	0	74958	0	0	0	8.74	6.23	58.2	41.5	99.7	1800.6	14.8*10^6	42	42	0	0	0	0	0	0	0
http-server-signal	8	4	281b	90000	89995	89989	15.007	5997.1	0.5	8.5	0.2	0.0	19.0	281.0	0.0	300.0	0	89989	0	0	0	7.78	7.19	51.8	47.9	99.7	2160.8	17.7*10^6	11	11	0	0	0	0	0	0	0
http-server-signal	8	4	281b	30000	29968	29922	14.999	2000.2	3.2	83.2	1.6	0.0	19.0	281.0	0.0	300.0	0	29922	0	0	0	9.19	5.77	61.3	38.5	99.8	719.1	5.9*10^6	78	78	0	0	0	0	0	0	0
http-server-signal	8	4	281b	45000	43168	39537	14.999	3000.2	18.2	111.1	9.7	0.1	19.0	281.0	0.0	300.0	0	39537	0	0	0	7.21	7.75	48.0	51.7	99.7	966.2	7.9*10^6	5463	5463	0	0	0	0	0	0	0
http-server-signal	8	4	281b	60000	59264	58278	15.012	3996.7	11.0	97.4	5.6	0.0	19.0	281.0	0.0	300.0	0	58278	0	0	0	7.28	7.69	48.5	51.2	99.7	1403.3	11.5*10^6	1722	1722	0	0	0	0	0	0	0
http-server-signal	8	4	281b	75000	74993	74984	15.004	4998.7	1.7	17.5	0.8	0.0	19.0	281.0	0.0	300.0	0	74984	0	0	0	7.93	7.04	52.8	46.9	99.7	1800.9	14.8*10^6	16	16	0	0	0	0	0	0	0
http-server-signal	8	4	281b	90000	89583	89115	14.999	6000.3	4.0	97.8	2.1	0.0	19.0	281.0	0.0	300.0	0	89115	0	0	0	7.08	7.87	47.2	52.5	99.7	2143.0	17.6*10^6	885	885	0	0	0	0	0	0	0
http-server-signal	8	4	281b	30000	29998	29998	15.000	2000.0	1.5	13.2	0.7	0.0	19.0	281.0	0.0	300.0	0	29998	0	0	0	9.47	5.50	63.1	36.7	99.8	720.7	5.9*10^6	2	2	0	0	0	0	0	0	0
http-server-signal	8	4	281b	45000	44997	44991	15.000	3000.0	1.4	11.8	0.7	0.0	19.0	281.0	0.0	300.0	0	44991	0	0	0	8.66	6.30	57.7	42.0	99.8	1080.9	8.9*10^6	9	9	0	0	0	0	0	0	0
http-server-signal	8	4	281b	60000	59964	59912	15.023	3993.8	4.2	86.0	2.1	0.0	19.0	281.0	0.0	300.0	0	59912	0	0	0	8.01	6.98	53.3	46.5	99.7	1437.3	11.8*10^6	88	88	0	0	0	0	0	0	0
http-server-signal	8	4	281b	75000	74792	74558	15.004	4998.8	2.1	73.8	1.1	0.0	19.0	281.0	0.0	300.0	0	74558	0	0	0	7.96	7.00	53.1	46.7	99.7	1791.8	14.7*10^6	442	442	0	0	0	0	0	0	0
http-server-broadcast	8	32	281b	30000	28713	26706	14.999	2000.1	11.2	109.9	6.4	0.0	19.0	281.0	0.0	300.0	0	26706	0	0	0	8.20	6.75	54.7	45.0	99.7	650.6	5.3*10^6	3294	3294	0	0	0	0	0	0	0
http-server-broadcast	8	32	281b	45000	44973	44937	15.000	3000.0	2.8	73.6	1.4	0.0	19.0	281.0	0.0	300.0	0	44937	0	0	0	8.35	6.60	55.7	44.0	99.7	1079.7	8.8*10^6	63	63	0	0	0	0	0	0	0
http-server-broadcast	8	32	281b	60000	59459	58825	15.080	3978.7	8.2	99.5	4.2	0.1	19.0	281.0	0.0	300.0	0	58825	0	0	0	7.60	7.44	50.4	49.3	99.7	1408.5	11.5*10^6	1175	1175	0	0	0	0	0	0	0
http-server-broadcast	8	32	281b	75000	72986	70062	15.004	4998.5	10.1	98.7	5.4	0.1	19.0	281.0	0.0	300.0	0	70062	0	0	0	7.04	7.91	46.9	52.8	99.7	1695.8	13.9*10^6	4938	4938	0	0	0	0	0	0	0
http-server-broadcast	8	64	281b	30000	30000	30000	14.999	2000.2	0.5	2.1	0.2	0.0	19.0	281.0	0.0	300.0	0	30000	0	0	0	9.35	5.62	62.3	37.5	99.8	720.8	5.9*10^6	0	0	0	0	0	0	0	0	0
http-server-broadcast	8	64	281b	45000	44999	44994	14.999	3000.2	0.5	6.2	0.3	0.0	19.0	281.0	0.0	300.0	0	44994	0	0	0	8.94	6.02	59.6	40.2	99.7	1081.0	8.9*10^6	6	6	0	0	0	0	0	0	0
http-server-broadcast	8	64	281b	60000	59980	59928	15.006	3998.3	0.5	14.8	0.3	0.0	19.0	281.0	0.0	300.0	0	59928	0	0	0	8.91	6.06	59.3	40.4	99.7	1439.3	11.8*10^6	72	72	0	0	0	0	0	0	0
http-server-broadcast	8	64	281b	75000	74961	74892	15.003	4999.1	0.6	13.6	0.3	0.0	19.0	281.0	0.0	300.0	0	74892	0	0	0	7.69	7.27	51.2	48.5	99.7	1799.1	14.7*10^6	108	108	0	0	0	0	0	0	0
msq-server-broadcast	8	32	281b	30000	30000	30000	14.999	2000.2	0.5	1.8	0.2	0.0	19.0	281.0	0.0	300.0	0	30000	0	0	0	9.67	5.29	64.5	35.3	99.8	720.8	5.9*10^6	0	0	0	0	0	0	0	0	0
msq-server-broadcast	8	32	281b	45000	44999	44990	14.999	3000.2	0.5	5.6	0.2	0.0	19.0	281.0	0.0	300.0	0	44990	0	0	0	9.09	5.87	60.6	39.1	99.7	1080.9	8.9*10^6	10	10	0	0	0	0	0	0	0
msq-server-broadcast	8	32	281b	60000	59997	59979	15.006	3998.3	0.5	8.7	0.3	0.0	19.0	281.0	0.0	300.0	0	59979	0	0	0	8.51	6.46	56.7	43.0	99.7	1440.4	11.8*10^6	21	21	0	0	0	0	0	0	0
msq-server-broadcast	8	32	281b	75000	74897	74855	15.003	4999.1	0.5	21.4	0.3	0.0	19.0	281.0	0.0	300.0	0	74855	0	0	0	7.91	7.05	52.7	47.0	99.7	1798.1	14.7*10^6	145	145	0	0	0	0	0	0	0
msq-server-signal	8	1	281b	30000	30000	30000	14.999	2000.1	0.5	3.8	0.2	0.0	19.0	281.0	0.0	300.0	0	30000	0	0	0	9.93	5.03	66.2	33.6	99.8	720.8	5.9*10^6	0	0	0	0	0	0	0	0	0
msq-server-signal	8	1	281b	45000	44999	44995	14.999	3000.2	0.4	5.5	0.2	0.0	19.0	281.0	0.0	300.0	0	44995	0	0	0	9.68	5.28	64.5	35.2	99.8	1081.0	8.9*10^6	5	5	0	0	0	0	0	0	0
msq-server-signal	8	1	281b	60000	60000	60000	15.006	3998.3	0.5	7.9	0.2	0.0	19.0	281.0	0.0	300.0	0	60000	0	0	0	9.21	5.76	61.4	38.4	99.8	1440.8	11.8*10^6	0	0	0	0	0	0	0	0	0
msq-server-signal	8	1	281b	75000	74995	74970	15.003	4999.0	0.5	11.6	0.2	0.0	19.0	281.0	0.0	300.0	0	74970	0	0	0	8.86	6.10	59.1	40.7	99.7	1800.8	14.8*10^6	30	30	0	0	0	0	0	0	0
msq-server-signal	8	1	281b	90000	89172	88070	15.000	6000.2	5.9	110.9	3.1	0.1	19.0	281.0	0.0	300.0	0	88070	0	0	0	7.11	7.84	47.4	52.3	99.7	2120.8	17.4*10^6	1930	1930	0	0	0	0	0	0	0
msq-server-signal	8	1	281b	30000	30000	30000	15.000	2000.0	1.7	9.8	0.8	0.0	19.0	281.0	0.0	300.0	0	30000	0	0	0	9.27	5.69	61.8	38.0	99.8	720.7	5.9*10^6	0	0	0	0	0	0	0	0	0
msq-server-signal	8	1	281b	45000	44930	44856	15.015	2996.9	3.7	74.9	1.9	0.0	19.0	281.0	0.0	300.0	0	44856	0	0	0	8.37	6.60	55.8	44.0	99.7	1076.8	8.8*10^6	144	144	0	0	0	0	0	0	0
msq-server-signal	8	1	281b	60000	59996	59994	15.007	3998.2	1.1	9.2	0.5	0.0	19.0	281.0	0.0	300.0	0	59994	0	0	0	8.40	6.56	56.0	43.7	99.7	1440.6	11.8*10^6	6	6	0	0	0	0	0	0	0
msq-server-signal	8	1	281b	75000	74943	74867	15.003	4999.1	0.8	13.5	0.4	0.0	19.0	281.0	0.0	300.0	0	74867	0	0	0	7.86	7.10	52.4	47.3	99.7	1798.6	14.7*10^6	133	133	0	0	0	0	0	0	0
msq-server-signal	8	1	281b	90000	89884	89771	14.999	6000.2	3.3	96.8	1.7	0.0	19.0	281.0	0.0	300.0	0	89771	0	0	0	7.43	7.52	49.5	50.2	99.7	2157.2	17.7*10^6	229	229	0	0	0	0	0	0	0
msq-server-signal	8	1	281b	30000	29998	29998	14.999	2000.2	0.4	14.9	0.2	0.0	19.0	281.0	0.0	300.0	0	29998	0	0	0	9.62	5.34	64.1	35.6	99.7	720.7	5.9*10^6	2	2	0	0	0	0	0	0	0
msq-server-signal	8	1	281b	45000	45000	44999	14.999	3000.2	0.5	5.5	0.2	0.0	19.0	281.0	0.0	300.0	0	44999	0	0	0	9.13	5.83	60.9	38.9	99.8	1081.1	8.9*10^6	1	1	0	0	0	0	0	0	0
msq-server-signal	8	1	281b	60000	59998	59983	15.006	3998.3	0.5	7.7	0.2	0.0	19.0	281.0	0.0	300.0	0	59983	0	0	0	8.58	6.38	57.2	42.5	99.7	1440.5	11.8*10^6	17	17	0	0	0	0	0	0	0
msq-server-signal	8	1	281b	75000	74948	74859	15.003	4999.1	0.7	11.8	0.3	0.0	19.0	281.0	0.0	300.0	0	74859	0	0	0	8.14	6.82	54.2	45.5	99.7	1798.4	14.7*10^6	141	141	0	0	0	0	0	0	0
msq-server-signal	8	1	281b	90000	89948	89884	14.999	6000.4	0.5	13.7	0.3	0.0	19.0	281.0	0.0	300.0	0	89884	0	0	0	7.50	7.46	50.0	49.7	99.7	2159.7	17.7*10^6	116	116	0	0	0	0	0	0	0
msq-server-signal	8	1	281b	30000	29841	29585	15.000	1999.9	4.5	108.4	2.3	0.0	19.0	281.0	0.0	300.0	0	29585	0	0	0	9.21	5.75	61.4	38.3	99.7	711.9	5.8*10^6	415	415	0	0	0	0	0	0	0
msq-server-signal	8	1	281b	45000	44997	44995	14.999	3000.2	0.4	5.3	0.2	0.0	19.0	281.0	0.0	300.0	0	44995	0	0	0	8.88	6.08	59.2	40.5	99.7	1081.0	8.9*10^6	5	5	0	0	0	0	0	0	0
msq-server-signal	8	1	281b	60000	59998	59987	15.006	3998.3	0.5	7.9	0.2	0.0	19.0	281.0	0.0	300.0	0	59987	0	0	0	8.56	6.40	57.0	42.7	99.7	1440.5	11.8*10^6	13	13	0	0	0	0	0	0	0
msq-server-signal	8	1	281b	75000	74990	74958	15.003	4999.1	0.5	11.5	0.2	0.0	19.0	281.0	0.0	300.0	0	74958	0	0	0	7.78	7.19	51.8	47.9	99.7	1800.6	14.8*10^6	42	42	0	0	0	0	0	0	0
lcrq-server-broadcast	8	64	281b	30000	30000	30000	14.999	2000.1	0.9	7.7	0.4	0.0	19.0	281.0	0.0	300.0	0	30000	0	0	0	9.58	5.38	63.9	35.9	99.8	720.8	5.9*10^6	0	0	0	0	0	0	0	0	0
lcrq-server-broadcast	8	64	281b	45000	44924	44862	14.999	3000.2	1.2	10.8	0.6	0.1	19.0	281.0	0.0	300.0	0	44862	0	0	0	9.02	5.94	60.2	39.6	99.8	1078.1	8.8*10^6	138	138	0	0	0	0	0	0	0
lcrq-server-broadcast	8	64	281b	60000	59654	59474	15.008	3998.0	0.9	39.3	0.4	0.0	19.0	281.0	0.0	300.0	0	59474	0	0	0	8.22	6.76	54.8	45.1	99.8	1428.8	11.7*10^6	526	526	0	0	0	0	0	0	0
lcrq-server-broadcast	8	64	281b	75000	74694	74619	15.003	4999.1	0.6	33.7	0.3	0.0	19.0	281.0	0.0	300.0	0	74619	0	0	0	7.97	6.99	53.1	46.6	99.7	1792.6	14.7*10^6	381	381	0	0	0	0	0	0	0
lcrq-server-broadcast	8	32	281b	30000	29980	29978	14.999	2000.2	0.5	22.3	0.2	0.0	19.0	281.0	0.0	300.0	0	29978	0	0	0	9.62	5.34	64.2	35.6	99.8	720.2	5.9*10^6	22	22	0	0	0	0	0	0	0
lcrq-server-broadcast	8	32	281b	45000	44989	44950	14.999	3000.2	0.5	13.2	0.2	0.0	19.0	281.0	0.0	300.0	0	44950	0	0	0	9.00	5.96	60.0	39.7	99.7	1080.1	8.8*10^6	50	50	0	0	0	0	0	0	0
lcrq-server-broadcast	8	32	281b	60000	59921	59865	15.006	3998.3	0.6	10.8	0.3	0.0	19.0	281.0	0.0	300.0	0	59865	0	0	0	8.43	6.53	56.2	43.5	99.7	1437.8	11.8*10^6	135	135	0	0	0	0	0	0	0
lcrq-server-broadcast	8	32	281b	75000	74874	74770	15.003	4999.0	0.5	13.3	0.3	0.0	19.0	281.0	0.0	300.0	0	74770	0	0	0	7.97	6.98	53.2	46.6	99.7	1796.4	14.7*10^6	230	230	0	0	0	0	0	0	0
http-server-signal	8	1	281b	30000	30000	30000	14.999	2000.2	0.4	2.6	0.2	0.0	19.0	281.0	0.0	300.0	0	30000	0	0	0	9.89	5.07	66.0	33.8	99.7	720.8	5.9*10^6	0	0	0	0	0	0	0	0	0
http-server-signal	8	1	281b	45000	45000	44997	14.999	3000.2	0.4	5.6	0.2	0.0	19.0	281.0	0.0	300.0	0	44997	0	0	0	9.25	5.71	61.7	38.1	99.8	1081.1	8.9*10^6	3	3	0	0	0	0	0	0	0
http-server-signal	8	1	281b	60000	59998	59986	15.006	3998.3	0.5	8.0	0.3	0.0	19.0	281.0	0.0	300.0	0	59986	0	0	0	8.61	6.36	57.4	42.4	99.7	1440.5	11.8*10^6	14	14	0	0	0	0	0	0	0
http-server-signal	8	1	281b	75000	74981	74943	15.003	4999.1	0.6	12.1	0.3	0.0	19.0	281.0	0.0	300.0	0	74943	0	0	0	7.84	7.12	52.2	47.5	99.7	1800.2	14.7*10^6	57	57	0	0	0	0	0	0	0
http-server-signal	8	1	281b	90000	88681	86484	15.002	5999.2	6.3	108.8	3.3	0.1	19.0	281.0	0.0	300.0	0	86484	0	0	0	7.15	7.81	47.7	52.0	99.7	2087.2	17.1*10^6	3516	3516	0	0	0	0	0	0	0
http-server-signal	8	1	281b	30000	29997	29995	15.032	1995.8	2.3	65.3	1.1	0.0	19.0	281.0	0.0	300.0	0	29995	0	0	0	9.26	5.74	61.6	38.2	99.8	719.1	5.9*10^6	5	5	0	0	0	0	0	0	0
http-server-signal	8	1	281b	45000	44997	44994	14.999	3000.1	0.9	10.3	0.4	0.0	19.0	281.0	0.0	300.0	0	44994	0	0	0	9.05	5.91	60.3	39.4	99.7	1081.0	8.9*10^6	6	6	0	0	0	0	0	0	0
http-server-signal	8	1	281b	60000	59974	59937	15.006	3998.3	0.9	8.9	0.4	0.0	19.0	281.0	0.0	300.0	0	59937	0	0	0	8.97	6.01	59.8	40.0	99.8	1439.5	11.8*10^6	63	63	0	0	0	0	0	0	0
http-server-signal	8	1	281b	75000	74887	74826	15.003	4999.1	1.9	80.3	1.0	0.0	19.0	281.0	0.0	300.0	0	74826	0	0	0	7.97	6.99	53.2	46.6	99.7	1797.5	14.7*10^6	174	174	0	0	0	0	0	0	0
http-server-signal	8	1	281b	90000	89547	89006	15.028	5989.0	3.8	110.1	2.0	0.1	19.0	281.0	0.0	300.0	0	89006	0	0	0	7.74	7.25	51.5	48.3	99.7	2136.7	17.5*10^6	994	994	0	0	0	0	0	0	0
http-server-signal	8	1	281b	30000	30000	30000	14.999	2000.1	1.1	8.3	0.5	0.0	19.0	281.0	0.0	300.0	0	30000	0	0	0	9.79	5.17	65.3	34.5	99.8	720.8	5.9*10^6	0	0	0	0	0	0	0	0	0
http-server-signal	8	1	281b	45000	44994	44986	14.999	3000.2	0.7	13.7	0.3	0.0	19.0	281.0	0.0	300.0	0	44986	0	0	0	8.83	6.14	58.9	40.9	99.8	1080.8	8.9*10^6	14	14	0	0	0	0	0	0	0
http-server-signal	8	1	281b	60000	59975	59944	15.006	3998.3	1.1	9.2	0.5	0.0	19.0	281.0	0.0	300.0	0	59944	0	0	0	8.46	6.50	56.4	43.3	99.7	1439.6	11.8*10^6	56	56	0	0	0	0	0	0	0
http-server-signal	8	1	281b	75000	74988	74956	15.003	4999.1	0.5	13.6	0.3	0.0	19.0	281.0	0.0	300.0	0	74956	0	0	0	8.00	6.96	53.3	46.4	99.7	1800.5	14.7*10^6	44	44	0	0	0	0	0	0	0
http-server-signal	8	1	281b	90000	89998	89993	14.999	6000.3	0.6	6.3	0.3	0.0	19.0	281.0	0.0	300.0	0	89993	0	0	0	7.48	7.48	49.8	49.9	99.7	2162.1	17.7*10^6	7	7	0	0	0	0	0	0	0
http-server-signal	8	1	281b	30000	29699	29211	14.999	2000.1	7.0	111.2	3.7	0.0	19.0	281.0	0.0	300.0	0	29211	0	0	0	8.76	6.20	58.4	41.4	99.8	704.0	5.8*10^6	789	789	0	0	0	0	0	0	0
http-server-signal	8	1	281b	45000	44987	44981	15.015	2997.0	3.4	64.0	1.7	0.0	19.0	281.0	0.0	300.0	0	44981	0	0	0	9.04	5.94	60.2	39.6	99.7	1079.5	8.8*10^6	19	19	0	0	0	0	0	0	0
http-server-signal	8	1	281b	60000	59945	59882	15.006	3998.3	5.0	88.4	2.5	0.0	19.0	281.0	0.0	300.0	0	59882	0	0	0	8.00	6.97	53.3	46.4	99.7	1438.2	11.8*10^6	118	118	0	0	0	0	0	0	0
http-server-signal	8	1	281b	75000	74580	73979	15.003	4999.0	1.9	76.0	1.0	0.0	19.0	281.0	0.0	300.0	0	73979	0	0	0	8.56	6.41	57.1	42.7	99.8	1779.6	14.6*10^6	1021	1021	0	0	0	0	0	0	0
http-server-signal	8	32	281b	30000	30000	30000	14.999	2000.2	1.3	7.4	0.6	0.0	19.0	281.0	0.0	300.0	0	30000	0	0	0	10.24	4.73	68.2	31.5	99.8	720.8	5.9*10^6	0	0	0	0	0	0	0	0	0
http-server-signal	8	32	281b	45000	44515	43709	15.022	2995.5	8.7	109.4	4.5	0.0	19.0	281.0	0.0	300.0	0	43709	0	0	0	8.02	6.96	53.4	46.3	99.7	1052.1	8.6*10^6	1291	1291	0	0	0	0	0	0	0
http-server-signal	8	32	281b	60000	60000	60000	15.007	3998.2	1.3	6.9	0.6	0.0	19.0	281.0	0.0	300.0	0	60000	0	0	0	8.17	6.79	54.5	45.2	99.7	1440.8	11.8*10^6	0	0	0	0	0	0	0	0	0
http-server-signal	8	32	281b	75000	74349	73439	15.004	4998.7	6.3	89.3	3.3	0.0	19.0	281.0	0.0	300.0	0	73439	0	0	0	7.39	7.58	49.3	50.5	99.7	1767.9	14.5*10^6	1561	1561	0	0	0	0	0	0	0
http-server-broadcast	8	4	281b	30000	30000	30000	14.999	2000.2	1.0	6.3	0.5	0.0	19.0	281.0	0.0	300.0	0	30000	0	0	0	9.36	5.61	62.4	37.4	99.8	720.8	5.9*10^6	0	0	0	0	0	0	0	0	0
http-server-broadcast	8	4	281b	45000	43484	38972	14.999	3000.2	15.3	108.5	8.4	0.1	19.0	281.0	0.0	300.0	0	38972	0	0	0	7.45	7.51	49.6	50.1	99.7	956.6	7.8*10^6	6028	6028	0	0	0	0	0	0	0
http-server-broadcast	8	4	281b	60000	58684	56596	15.007	3998.1	8.7	109.6	4.7	0.1	19.0	281.0	0.0	300.0	0	56596	0	0	0	7.64	7.33	50.9	48.8	99.7	1368.4	11.2*10^6	3404	3404	0	0	0	0	0	0	0
http-server-broadcast	8	4	281b	75000	74989	74956	15.003	4999.1	0.5	13.0	0.3	0.0	19.0	281.0	0.0	300.0	0	74956	0	0	0	8.14	6.82	54.2	45.5	99.7	1800.5	14.7*10^6	44	44	0	0	0	0	0	0	0
http-server-broadcast	8	4	281b	90000	89646	89253	14.999	6000.4	6.1	103.2	3.1	0.1	19.0	281.0	0.0	300.0	0	89253	0	0	0	6.96	7.99	46.4	53.3	99.7	2146.1	17.6*10^6	747	747	0	0	0	0	0	0	0
http-server-broadcast	8	4	281b	30000	30000	30000	15.000	2000.0	1.7	23.2	0.8	0.0	19.0	281.0	0.0	300.0	0	30000	0	0	0	9.21	5.75	61.4	38.3	99.8	720.7	5.9*10^6	0	0	0	0	0	0	0	0	0
http-server-broadcast	8	4	281b	45000	44924	44804	15.001	2999.9	6.3	96.2	3.2	0.0	19.0	281.0	0.0	300.0	0	44804	0	0	0	8.96	6.00	59.7	40.0	99.7	1076.8	8.8*10^6	196	196	0	0	0	0	0	0	0
http-server-broadcast	8	4	281b	60000	59918	59819	15.008	3998.0	3.9	102.4	2.0	0.0	19.0	281.0	0.0	300.0	0	59819	0	0	0	7.92	7.05	52.7	47.0	99.7	1436.8	11.8*10^6	181	181	0	0	0	0	0	0	0
http-server-broadcast	8	4	281b	75000	74403	73757	15.034	4988.7	12.1	95.8	6.2	0.1	19.0	281.0	0.0	300.0	0	73757	0	0	0	6.82	8.17	45.4	54.3	99.7	1770.8	14.5*10^6	1243	1243	0	0	0	0	0	0	0
http-server-broadcast	8	4	281b	90000	89990	89972	15.086	5965.7	0.6	6.9	0.3	0.0	19.0	281.0	0.0	300.0	0	89972	0	0	0	7.65	7.39	50.7	49.0	99.7	2149.2	17.6*10^6	28	28	0	0	0	0	0	0	0
http-server-broadcast	8	4	281b	30000	29991	29980	14.999	2000.2	0.6	13.5	0.3	0.0	19.0	281.0	0.0	300.0	0	29980	0	0	0	9.49	5.47	63.3	36.5	99.8	720.3	5.9*10^6	20	20	0	0	0	0	0	0	0
http-server-broadcast	8	4	281b	45000	44988	44985	14.999	3000.2	0.5	10.7	0.2	0.0	19.0	281.0	0.0	300.0	0	44985	0	0	0	8.71	6.25	58.1	41.7	99.7	1080.8	8.9*10^6	15	15	0	0	0	0	0	0	0
http-server-broadcast	8	4	281b	60000	59986	59958	15.006	3998.3	0.6	15.4	0.3	0.0	19.0	281.0	0.0	300.0	0	59958	0	0	0	8.38	6.58	55.8	43.9	99.7	1439.9	11.8*10^6	42	42	0	0	0	0	0	0	0
http-server-broadcast	8	4	281b	75000	72373	68573	15.003	4998.9	8.1	108.7	4.6	0.1	19.0	281.0	0.0	300.0	0	68573	0	0	0	7.27	7.69	48.4	51.3	99.7	1664.1	13.6*10^6	6427	6427	0	0	0	0	0	0	0
